UserID,ip,treatment,session,position,selected,viewed,timeviewed,timeselected,correct,

genew,127.0.0.1,random,2,1,0,1,0.8585,,0
genew,127.0.0.1,random,2,2,1,1,0.8589000000001397,1.8649000000001397,1
genew,127.0.0.1,random,2,3,0,1,0.8589000000001397,,0
genew,127.0.0.1,random,2,4,0,1,2.6083000000000465,,0
genew,127.0.0.1,random,2,5,0,1,2.9333000000000466,,0
genew,127.0.0.1,random,1,1,1,1,0.5974000000001397,1.7699000000001397,0
genew,127.0.0.1,random,1,2,0,1,0.5976000000000932,,0
genew,127.0.0.1,random,1,3,0,1,0.5976000000000932,,0
genew,127.0.0.1,random,1,4,0,1,13.721600000000093,,0
